singer-songwriter,3485
lyrical,199
melodic,899
adult contemporary,391
poetry,229
french electro,13
dub rock,8
swedish hip hop,5
scenecore,1
gramusels bluesrock,30
german metal,53
traditional metal,27
anime,110
symphonic prog rock,3
vocal,2861
alternative punk rock,181
traditional instruments,2
soft pop,7
occult,2
crust,60
boa vista,10
post folk core,1
gambian artists,1
eurobeat,41
texas blues,209
hard trance,766
beach music,77
glitterhouse,8
noise rock,281
80s hair metal,42
greece,39
80s rock,52
jug band,10
keyboard,31
stockholm,31
swedish death metal,18
galician rock,6
jah,8
boogie,14
vibes,4
bassotusta,2
new hampshire,4
drop dead festival,3
frff,11
folksy indie rock,4
side project,6
minimal techno artists,39
portugal,100
slow,282
romantic,582
thrash speed metal,6
providence,17
80s hardcore,38
boy band,67
dancehall reggae,63
oakland,29
a cappella,21
pop independiente,17
melodic post hardcore,3
speed - thrash metal,1
bretagne,6
smooth groove,9
french punk,8
snap music,2
electropop,489
heartland rock,73
israel,45
skinhead,54
evil,35
east coast,81
jazz piano,160
ukraine,7
indian music,3
electro wave,12
dark electronica,1
cafe del mar,11
suomi metal,1
intelligent,57
vocal group,10
mento,53
bandleader,3
neo progressive rock,15
lesbian,11
harmony,28
argentine,19
christian death metal,3
female solo artist,28
st. louis,17
boston band crush,6
uk punk,26
rowdy,11
ambient chill,4
nigeria,2
surreal,16
rock brasil,25
analog synth,1
electro-acoustic,17
progressive psychedelic trance,11
latin pop,241
san francisco bay area,73
vaudeville blues,2
jazz blues,87
polish music,19
psychedelic stoner rock,12
country folk,90
latin american,33
mandolin,17
provocative,3
rnb chiqs,3
radio paola,2
psychy,2
hardcore punk rock,9
angola,2
russian alternative,3
bbc,10
dub poetry,11
nouvelle scene,2
tilburg,1
drone,222
mediaeval,89
alabama,29
commercial trance,2
acid nu jazz,8
grim,2
raw black metal,14
fir,73
san remo,9
leaf label,3
contemporary flamenco,19
studio 1,9
ambient rock,4
christian soul,6
progressive electronica,2
rumba catalana,12
dranouter2007,1
heavy speed metal,6
exclusive,3
song writer,597
show tunes,78
stand-up comedy,67
east coast hip hop,37
britcore,3
zxzw,17
nederhop,10
norwegian black metal,10
gothic americana,7
classic motown,9
pimp,1
finnish rap,4
cover band,8
death/doom metal,14
rock pop chileno,2
unamerican,10
classical tango,1
saxo,4
bestival 2008,1
roskilde 08,11
nederland,992
folk,4752
country rock,1783
underground rap,365
rhythm,8
halifax,5
heavy psychedelic,1
mid west,26
deutsch hiphop,16
fm4,33
galego,2
transmusicales,9
liechtenstein,6
hit,28
piano and keyboards,1
long island,9
scream,11
judaica,1
lounge and chillout,6
didgeridoo music,1
new tango,6
swedish progressive,6
classic punk,14
dirty rap,16
brutal death metal,263
north america,95
digital hardcore recordings,5
female country,26
colombian,26
chicago punk rock,1
warped tour 2007,2
bosnian,7
experimental indie rock,2
jamendo,5
nola,13
summer sundae 2007,5
progressive electronic,22
hillbilly swing,2
experimental,4741
indie pop,2048
sensual,55
nu rave,32
crack rock,9
alto sax,7
skinhead rock,3
emo pop punk,1
old school pop punk,10
andes,2
klezmer,59
medieval metal,7
college,48
carnival,10
eastern,4
drumfunk,3
hi fidelity,20
storaas 06,3
bleak,3
french lyrics,4
dobre bo polskie,12
neoclassical,244
new york punk,8
trippy,135
northwest,25
house artist,10
sleaze rock,48
elektrolux,13
madrigal,4
oldie,14
gay metal,23
womad,17
evergreen,16
contemporary experimental music,1
norwegian jazz,4
pdx,7
00s,1923
fusion latina,13
fantasy,18
spanish rock,250
poland,126
finnish poprock,14
prog folk,53
vienna,6
blues guitar women,8
vinyl,25
desi artist,6
kiwi music,9
artcore,3
pop underground,35
conscious hip hop,10
dreck,6
brazilian popular singers,1
top 100,7
rock folk,6
danish music,12
first-wave ska,3
toxic,3
new york,783
freak zone,43
parody,382
sxsw 2009,51
post-hardcore,510
british rock,96
gypsy,104
wistful,45
english folk,34
garage rock revival,120
terrastock,9
british progressive rock,4
jangle,30
doomsdope,7
indie hip hop,38
retro prog,17
teutonic thrash metal,1
french folk,16
organic ambient,14
new school,10
ibiza,8
mobb music,1
west coast hip hop,5
west yorkshire,6
nueva cancion chilena,1
tv series soundtrack,8
easy listening,2296
tribal house,547
r&b,1420
modern electric blues,113
retro swing,21
world fusion,190
scottish indie,7
toledo,1
bordeaux,3
new jazz,26
deep funk,8
fandango,6
japanese artist,12
kiwi rock,1
oriental,41
coimbra,4
vaudeville,32
reading,3
brisbane,4
drum machine,13
true hip hop,1
american symphonic prog,9
naples,22
afro-cuban jazz,51
chicago house,20
gospel choir,1
vancouver,18
classic swing,1
made in italy,5
russian pop,2
raw,149
illbient,203
experimental jazz,20
turkish pop,5
pop soul,44
hardhouse,3
bamboo flute,3
mix,91
hardstyle,254
gore,22
north carolina,76
screamcore,4
minimal trance,9
tropical,131
chicago,260
greek,29
power noise,43
jazz instrumental,60
celtic music,24
ost composers,7
dream house,6
salsa cubana,9
deep trance,3
spiritual jazz,2
pakistani rock,1
nerdcore,1
bedrock,2
rock out,7
60s italia,3
pop,9966
liquid funk,22
rap metal,83
chapel hill,11
francophonic,19
ambient techno,72
frisco,6
charanga,40
elephant 6,27
country divas,17
perlon label,1
torch song,13
scandinavian folk,5
night music,1
bachata,37
praise,32
experimental sound,1
producer,283
roots rock,220
polka,74
blackened death metal,43
brass band,64
brazilian rock,36
italian music,27
kaeo,1
angular,5
punktastic,8
appalachian,10
joululaulut,20
far out,1
intelligent drum and bass,10
alternative,6158
conductor,3
no wave,123
dark ambient,357
rock francais,56
80s pop espanol,14
progressive country,61
angry music,1
pukkelpop 2007,2
pennsylvania,45
detroit rock,4
cologne,10
latin alternative,10
jazz ballads,4
japanese metal,6
post-bop,312
latin jazz,772
america,120
downbeat,40
danish,65
laid back,19
thunderdome,3
progressive bluegrass,43
contemporary gospel,70
techno death,6
clarinet,29
experimental death metal,1
mystical,6
pop rock,5520
worship music,110
aberdeen,1
death core,167
contemporary country,206
psychobilly,340
mexican pop,6
crossover thrash,51
haunting,69
queercore,14
traditional heavy metal,26
female mc,10
explicit,10
stars,2
mali,23
slide guitarist,2
girl punk,2
orthodox black metal,2
madscience,1
carefree,2
filipino music,9
old school drum and bass artists,4
symphonic prog,55
hardcore punk,662
scandinavian metal,110
old school death metal,29
acoustic ska,6
avantgarde metal,169
jazz sax,14
experimental electronic,64
traditional bluegrass,42
christ punk,2
female blues artist,9
bubblegum punk,3
blue note,13
tff rudolstadt,23
cha cha cha,19
bronx,3
rai,13
quality music,5
christian rapcore,2
nordic ethno grooves,3
garage house,197
spanish indie,42
chill-out,3062
hard house,642
finnish lyrics,27
gangsta,251
reggae pop,173
morr,5
peace and love 2008,13
dub techno,87
denver,12
old school punk,34
en francais,9
bonnaroo,4
stride,34
garage trash,4
keytar,1
60s spanish,2
punk francais,5
rock en tu idioma,15
old school thrash metal,23
progressive jazz rock,20
cabo verde,2
bulgarian folk,1
nu funk,8
horror rock,2
synth punk,63
big beat,1081
math rock,318
melodic metal,339
neo psychedelic,4
czech republic,53
louisville,8
funky blues,4
zydeco,31
canadian rap,11
mashup,8
zouk,31
lively,3
rousing,33
toronto,72
jazz pianist,14
technical thrash metal,10
paris,44
indiegold,1
new wave tapes,1
turntablist,7
various jazz,9
quality hip hop,1
experimental grindcore,3
latin artists,10
bebop,320
italian dance,145
flamenco,196
garage punk,182
nordic,92
portsmouth,5
canadian country,3
chess records,11
crunchy,4
amsterdam,14
80s pop,23
original ska,2
italian metal,23
blissfields festival 2008,3
pinoy artists,9
melodic rock,71
spoken word,321
horns,33
girl,30
french house,16
american metal,53
primavera 2008,5
gothic electro,35
valencian music,2
morocco,6
acid jazz,1335
alternative pop rock,1054
marimba,3
sleaze,45
melbourne,53
ost games,17
timba,22
tech metal,83
ontario,46
urban blues,15
new york salsa,4
concert,28
bad taste,19
euro-trance,24
fairytale rock,1
gaita,17
new wave,2801
industrial metal,507
celtic rock,66
winter,7
slovak rap,1
fuzz,35
scandinavian prog,8
sarah records,12
true black metal,12
ambient jazz,13
south asian,5
japan,720
glam rock,357
pagan metal,41
yacht rock,10
70s pop,19
commercial,9
visual,10
new soul,4
american folk,3
rock in opposition,15
ritual folk,2
djembe,6
canadian black metal,1
bunker records,2
drum corps,6
uk independent,8
jazz alternative,1
latin music,75
arena rock,125
g funk,16
british punk rock,58
new zealand,110
drone rock,13
riot,12
new brunswick,7
cultural,9
rock jazz,4
solo act,2
osheaga,4
in spanish,7
switzerland,146
mambo,291
uplifting,130
christian post-hardcore,7
melodica,26
sludge,139
idol,56
motown and soul,13
japanese folk,2
uk folk,5
feminist,15
tradicional mexicana,1
techno artist,11
electronica artists,5
innerearmedia,15
religious black metal,2
bandoneon,6
black doom,3
folk noir,3
luxembourg,8
female reggae,1
jungle music,595
speedcore,54
cantonese pop,9
tranquil,10
gospel jams,10
emusic,267
emo core,6
gospel reggae,3
le mouv,16
flamenco pop,10
nature sounds,1
fujirock2006,4
baile funk,7
opm,13
jumpstyle,49
gothic metal,561
saxophone,254
folk-pop,222
muenchen,7
brooding,45
cincinnati,9
glasgow,37
sub pop records,13
colombia,48
bossa showtune,5
brash,16
electro lounge,2
dance metal,4
spanish soul,5
christian gangster rap,4
bar band,6
ottawa,5
greys anatomy,1
symphonic metal,294
earthy,18
sexy,978
singer,898
album rock,217
dramatic,30
world pop,5
mellotron,13
brill building pop,39
bpitch control,11
tijuana,16
gatowope,2
new country,22
jjj,10
euro disco,2
primavera 2007,5
ecm records,38
sxsw 2008,59
game music,31
synth,370
new traditionalist country,69
remix,324
energetic,279
finnish heavy metal,76
northern ireland,8
nwobhm,39
crucial reggae,6
pop espanol,34
death 'n' roll,4
deep funk revival,2
india,31
net discovery,3
bayou funk,14
nu grunge,1
nederrock,1
harthouse,6
songs,117
merengue,81
instrumental rock,189
pianist,60
german rap,44
final fantasy,5
space age,13
dallas,14
melodic metalcore,52
futurepop,198
new rock,1
aaa,6
crooner,61
hospital records,7
celtic punk,19
tibet,4
south carolina,9
balkan rock,7
19th century,2
fusion,1092
microhouse,41
powerful,186
rhythm noise,208
detroit techno,80
puerto rican,38
grime,266
instrumental jazz,28
crust grind,7
new jersey,54
fretless bass,4
nonesuch,6
youth crew,7
canadian rock,4
chilean rock,1
00s pop,8
jazz jamaica,6
konstanz,4
punk and disorderly 2009,9
riot grrrl,32
desert rock,17
militant,11
new beat,363
cadiz,7
diva,145
rock guitar,12
santa cruz,3
modern worship,30
classic hard house,5
revolution,23
morning music,7
modern creative jazz,10
bay area hardcore,3
arena rock legends,6
celtic fusion,42
latin soul,2
valencia,4
early music performer,1
ambient,3576
philly soul,10
madison,2
dutch,133
new york hardcore,30
60s psychedelic and garage,11
vegetarian progressive grindcore,3
yugoslavia,13
female rap,10
oz,44
trinidad,6
jazz trio,40
argentine folk,3
baroque and chamber pop,4
mezz 2008,3
berlin,119
guitar,3171
electro dub,85
electro hip hop,23
french punk rock,3
fiddle,66
tech trance,41
avant-pop,7
tanzania,8
dubwise,3
hipster dance party,4
world reggae,342
goa,131
contemporary bluegrass,58
hard n heavy,41
political punk,16
hair band,12
variationen,22
eccentric,6
nwoahm,3
ballad,3038
drill'n'bass,17
protopunk,126
norwegian metal,16
mo wax,5
lullaby,9
noise grind,3
boston,96
cosmic,9
baton rouge,11
modern big band,14
deadtide,18
girls with guitars,18
female artist,22
turnablism,146
chanson francaise,212
national socialist black metal,36
hardcore techno,29
dark and new wave,8
ivory coast,2
rockers,8
north dakota,14
psychedelic doom,1
italian symphonic progressive rock,3
son jarocho,5
alternative country,741
underground hip hop,382
christian,495
texas,294
pop latino,11
screamo,510
hardtechno,25
musical comedy,28
symphonic progressive,20
francophone,114
comedy rock,58
masterpiece,21
40s,76
brutal death grind,7
reggae ska,4
south east,3
rap quebecois,6
ska rocksteady,4
fra norge,4
analog,16
blues,3852
composer,476
orchestra,308
peaceful,33
southern gospel,42
crossover,329
organ,57
modern punk,2
goa classic,7
english lyrics,15
combat folk,2
blue note records,12
czechoslovak,3
experimental folk,5
maastricht,6
surf revival,9
lowlands,10
primitive rock n roll,13
modern composition,70
uk,148
melodic black metal,115
mestizaje,24
yeah,56
maryland,14
rapper,21
heidelberg,1
classic oi,5
uptempo,5
iowa,6
cuddlecore,9
groningen,5
wicked,19
afrikan tahdet,1
rumba,182
sweden,635
calming,142
musica portuguesa,44
progressive pop,7
jam music,13
andalusian,7
early hardcore,8
stoner doom metal,18
christian metal,51
techno-thrash,1
midwest emo,4
toytronica,7
ethnic fusion,39
winnipeg,23
spanish hard rock,6
no fi,3
reggae rap,1
finnish pop,26
spanish alternative,4
rock urbano,18
futuretro,1
techno dance,2
melodic hardcore,265
chamber pop,177
wxxl,12
vocal pop,65
solid state,2
german indie,18
fuzz rock,6
jazz manouche,7
punjabi bhangra,5
malay,2
power thrash metal,7
drum and bass,1264
american,3790
indie catala,10
contemporary,288
stoner rock,726
group,511
top albuns 2007,10
baroque,36
dancey,7
soothing,48
cdbaby,19
suomi rock,53
chicago punk,3
mc,6
demoscene,4
osnabrueck,1
nashville sound,37
zeuhl,9
kraut rock,314
instrumental hip hop,88
symphonic rock,516
space music,34
underground,478
blue-eyed soul,149
rusbeh,23
massachusetts,108
girl power,39
angry,85
british folk,102
sziget,4
rare groove,22
blaxploitation,11
dark pop,2
amherst,17
thrash crossover,9
chant,16
kraut,8
punky reggae,2
neo rockabilly,20
american hard rock,3
british heavy metal,20
traditional country,165
beats,501
new jack swing,152
energy,77
cleveland,3
argentine rock,1
pop montreal 2007,2
inelose part five,6
guitar hero,56
college rock,175
puerto rico,15
progressive breaks,14
jump up,7
street music,10
bootleg,8
fast drumming,4
old school black metal,1
symphonic prog metal,1
thrash punk,10
bouzouki,2
dance,2310
power pop,1380
breakbeat,2401
space age pop,78
jazzdance,148
folk-country,27
harmonica blues,120
trinidad and tobago,1
samba reggae,1
tacoma,1
white power,26
southern metal,10
buenos aires,12
hungarian rock,4
central point,2
us punk,9
italian symphonic prog,6
net labels music,2
groove,618
radio,98
skram,10
retro rock,21
gothic punk,10
crossover thrash metal,3
indonesian pop,1
women in reggae,1
old school goa,12
virgin islands reggae,11
puglia,1
italian classics,2
ghetto tech,10
traditional jazz,29
psychedelic rock,1748
ccm,180
andina,4
kanzleramt,2
hair metal,191
indian,52
brixton,1
story,18
storaasfestivalen 08,8
german,928
vocal house,122
insane,33
alternative pop,274
love song,69
rock chileno,11
belgian music,18
boston hardcore,6
fusion festival 2008,13
energy trance,5
1960s psychedelic,2
bubblegum pop,27
balkan beat,9
rocka-psychobilly,2
rare asian rock,1
modern melodic death metal,2
rhode island,6
technical deathgrind,3
psychedelic indie,2
shoegaze,845
christian pop,33
skinhead reaggae,29
djent,1
freak folk,109
soprano,5
bristol,11
bubblegum,40
keyboard virtuoso,8
telecaster,2
nu-gaze,1
sensation black,4
post rock,1415
rheinkultur 2006,12
sad,316
light,30
dallas locals,4
punk and roll,9
melodic deathcore,8
infest,7
circus music,6
deejay,4
newgrass,29
experimental ambient,12
roma,20
industrial black metal,7
80s hardcore punk,3
dark industrial,14
spanish folk,4
jazz guitar,80
sophisticated,81
jazz fusion,393
punk pop,263
ragtime,231
france hip hop,3
michigan local,2
unsigned,36
cqfd 2007,1
90s emo,2
instrumental guitar,13
soca,55
kricamorena,4
african artists,3
jazz samba,9
experimental noise,2
british rap,10
art punk,19
finnish prog,5
demenziale,4
tzadik,1
technical thrash,1
caracarai,23
flamenco fusion,18
anarchist punk,16
barcelona sound,1
bandas venezolanas,2
experimental jungle,2
anatolian,2
serbian punk,2
manouche,11
south africa,23
blues-rock,1990
spanish,705
fast,114
garage blues,6
ad noiseam,5
original score,55
modern country,92
gospel praise,7
cpop,23
balkan folk,3
frat rock,11
piano pop,14
garage pop,4
oklahoma,20
martial dark ambient,3
early punk,1
polish punk,2
hip hop chileno,3
black metal,1038
old school hardcore,71
east coast rap,192
aor,73
guitar pop,32
conceptual,15
eurovision,58
techgrind,1
african folk,12
francofolies,7
swedish progressive metal,4
mutek,7
indietronica,504
melodic black death metal,2
free improvisation,230
sxsw 2005,65
emocore,297
euro,49
soft music,18
alternative hip hop,143
beat down,24
club music,25
hyphy,15
rock argentina,92
new metal,29
top 40,2
earth,24
boston pop underground,3
microtonal,3
euskadi,13
female,1650
hip house,477
raga rock,4
country pop,154
post-industrial,39
united states black metal,3
alternative urban,10
indie chill,3
mysterious,8
francaise chanson,8
melodic hard rock,24
headbangers ball,19
fado,23
uplifting trance,38
alternative invaders,19
rock 70s,14
80s,2586
ska rock,3
portland bands,12
protest,67
virginia music,2
electro-jazz,18
podcast,12
ukhh,2
gainsbourg,1
antifascist,17
neue deutsche haerte,19
japanese noise,6
classic,1797
jazz hip hop,40
french,1697
melodic heavy metal,22
christian hard rock,12
electro-industrial,177
funk metal,289
finnhits,1
fusion festival,9
warm,60
no idea records,4
old school melodic death metal,3
teppaz,6
old timey,44
magnolia,14
swedish punk rock,2
psytech,8
croatian,12
happy music,15
west side,5
leicester,2
oregon,23
psychedelic prog,6
techno trance electronic rap,3
hip hop tuga,7
territorios sevilla,21
basque,15
reggae classics,1
electronic,9913
post core,47
terrascopic,32
scottish folk,11
bass music,178
healing,6
textural,4
ambient black metal,32
chick rock,26
finnish hip hop,2
serbia,8
neurofunk,12
new pop,12
celtic fingerpicking,3
musical theater,41
master,76
blue grass,7
latin reggae,8
jazz artist,2
berlin school,6
tranqui,1
chinese pop,31
afrikaans,1
south america,8
milwaukee,3
brighton,7
hannover,9
dfa,2
90s country,3
roskilde 2007,8
noise,1436
instrumental,2686
roots reggae,443
rap hardcore,4
americas south,2
mozart,4
indie canada,1
norwegian electronics,3
bodhran,5
danseband,2
mezz 2005,7
heavy metal,2700
detroit,172
old,164
jazz rap,76
brazil,258
nouvelle scene francaise,50
sound collage,2
pukkelpop 2008,14
rastafari,4
charleston,15
clubbing,9
emo pop,25
big chill 2006,2
orchestral metal,3
kvlt,32
castle rock festival,12
norwegian folk,9
new orleans rhythm and blues,5
rhumba,10
italian rap,13
rapcore,123
free,110
eurosonic 2009,1
horror music,39
carols,9
long beach,7
vocal female,31
european jazz,1
liquid dnb,1
pioneer,9
cz indie,7
definitive jux,7
female vocal jazz,1
ethnic and world fusion,4
spazcore,5
funk carioca,1
japanese experimental,2
dub,2297
tech house,1799
experimental rock,500
power electronics,112
electroclash,271
duo,72
jazz metal,39
dour festival 2007,2
trumpet,148
milonga,5
jazz house,5
female guitarist,16
argentinian,52
lounge music,11
hip hop artists,19
cantautores alternativos,1
70s country,4
boisterous,7
speed rap,3
pop indie,3
acid techno,5
old school metal,6
sound art,24
doo-wop,489
straight edge,109
funk rock,86
exotica,23
british psychedelic rock,1
improvisational,94
tecktonik,10
crust punk,39
melody,5
salento,4
sahkotaivas,6
juggalo,4
alternative progressive rock,6
free folk,6
israeli music,2
fingerpick,3
classic trance,7
funeral doom metal,1
american idols,1
twee,292
mariachi,55
jamaica,199
shock rock,22
cinematic orchestra,3
nature,26
freakbeat,23
memphis,37
traditional doom metal,14
soul artists,3
arctic ambient,5
electronic beats,5
afropop,46
mississippi,30
anarcho,5
portuguese folk,1
download festival 2006,4
alberta,6
funk rap,3
funpunk,7
post-folk,5
acid,525
london,363
dnb jungle,8
edm,29
male solo artist,49
hardcore metal,69
psychedelia,69
tejano,28
ambient industrial,3
helsinki,4
cowboy country,4
wrath records,3
solo piano,13
romani,12
cbc radio 3,6
soft voices,3
feminine,4
dixieland,102
original,371
goregrind,56
vocalist,280
humppa,45
liebe,19
fresh,64
hamburg,37
british psychedelia,9
film music,141
traditional irish,23
nippon,1
sung poetry,9
modern electric chicago blues,4
satanic,6
ferclasica,1
livetronica,4
bedroom records,3
acid croft,2
scottish,129
folk punk,87
pastoral,2
guitarist,338
chamber rock,8
anti-folk,45
electro metal,6
bern,11
uk82 punk,11
wave,39
fueled by ramen,10
pogopunk,6
mexican folk,1
rotterdam,3
classical piano,6
en catala,1
70s,1252
kanzleramt label,7
west coast blues,13
early reggae,14
cheerful,20
symphonic death metal,12
electro ambient,5
weepop records,1
loops,4
suomirap,2
czech rock,9
arte,1
choro,11
oxford,3
tribal,412
chiptune,88
spiritual,192
symphony,22
feel good,34
children music,62
funky groove,3
american idol,3
new blues,10
newschool goa,2
80s groove,8
download festival 2007,8
belgian rock,14
bc pianists,2
canadian,442
nintendocore,10
mood music,18
ethnic,188
visual kei,46
orgcore,26
patriotic,46
film score composer,26
gothic doom,7
country and western,10
female blues vocalist,4
canadian folk,1
independent punk,11
moravian,5
dutch hip hop,1
electronica,3308
swedish,517
italian,364
cover,977
traditional folk,154
electro rock,126
speed metal,484
finnish punk,24
beethoven,1
devotional,7
pagan,23
urban rock,1
relaxation,19
west indies,1
canadian indie,14
catalan,22
hypnotic,86
innovative,34
strings,56
indie punk,10
new school breaks,4
80s country,13
latin ska,12
mestreech,5
party rap,10
electronic urban,2
southern california,1
french dub,2
heavy rock,34
anarchy,3
gypsy jazz,87
punk hardcore,35
west,6
austrian rap,7
festival,28
langerado,18
fox,57
choral music,7
antipodean,7
doof records,3
gnawa,6
west african,13
constellation records,1
uk urban,7
punjabi,4
sardinian,1
tape music,6
omaha,7
90s,2486
louisiana blues,189
shred,45
celtic fiddle folk,1
global fusion,2
american underground,90
microsound,6
hurricane 08,5
acid rock,67
banda,14
rock progresivo,19
celtic metal,6
minimal jazz,2
croatia,16
zagreb,15
ska revival,18
eno,11
nu disco,5
portuguese female vocalists,4
raggacore,9
arkansas,19
flemish,3
hellenic black metal,11
melodic techno,7
mixer,1
canadian music,2
honky tonk,207
rap rock,71
j pop,160
dance rock,208
intimate,33
anarcho-punk,74
siesta,3
classic jazz,67
c86,48
musica colombiana,13
poet,39
hatecore,5
blues bar,14
countrypolitan,23
tulsa,1
icelandic,17
bluegrass,400
americana,865
spanish pop,186
canada,1064
doom metal,780
nepal,126
jam band,139
nagoya kei,5
rude boy,5
apocalyptic folk,47
deep techno,10
string,43
legends,21
fingerstyle,30
heavy power metal,4
breton,3
angolan,2
alto,4
canterbury,3
dj,257
disco house,124
mexico city,27
tennessee,104
soul rock,13
one hit wonder,21
confident,36
dream trance,7
rap conscient,19
turkish rock,10
foreign music,1
wellington,5
holland,1
experimental techno,59
space rock,555
seattle,91
epic trance,20
italian pop,129
oc hardcore,1
darkcore,6
triangle,23
synthgoth,2
cantautori italiani,14
beatport download,13
soundtrack scores,8
battle metal,11
arabesque,13
hipster,6
tight,7
german pagan metal,7
fierce,8
acoustic blues,165
rock 'n roll,1034
melancholia,866
lovers rock,167
50s rock revival,5
french touch,27
death country,1
indirilecek,11
arch enemy,1
christian reggae,1
cloud,6
techno trance hardtrance,4
balkan brass,11
punk cabaret,16
synthesizer,8
idaho,7
dancehall jamaica,4
funeral doom,17
dhr,8
bubblegum dance,14
soft rock,2701
cajun,73
banjo,97
portuguese music,23
metal rock,6
midwest rap,23
industrial rock,257
shaman,34
mondiovision,98
ironic,3
twang,35
weird metal,7
sexy female vocals,11
samba rock,19
trapez,6
live electronic,2
dirty pop,1
ethno jazz,9
old school psychobilly,6
jazzy soul,1
outlaw country,94
retro soul music,1
dance pop,463
yoga,3
nuggets,14
folkish,30
trance nation,6
qn5,5
dixie,10
reggaeton,91
grind,126
japanese hip hop,8
moshcore,15
string band,8
synth rock,23
new orleans,96
piano jazz,53
contemporary reggae,39
percussive,17
progressive fusion,16
trombone,8
suomi hip hop,14
barturismooth,6
slam,4
guadalajara,1
hamburger schule,24
soulful,211
80s portugues,4
sst,8
goldenbird,19
lowlands 2008,7
christian alternative rock,22
neo punk,13
instrumental progressive metal,2
classic reggae,2
cape town,1
blues piano,2
balearic,1
techno,3598
organic,18
piano blues,226
solo,346
nu jazz,442
mexican,85
bass,575
modern rock,356
algerian,15
net label,42
theme song,2
japanese underground,2
pop brasil,8
belgisch gerief,3
dwars,9
poppish,2
electric picnic 2008,4
suoni per il popolo,5
achingly intelligent,9
pop francais,4
german dancehall,1
rock progressive italiano,3
experimental electronica,3
dark,918
grunge,1351
french artist,20
cumbia,93
quartet,12
congo,16
funky breaks,12
two-step,12
fantasy metal,13
german progressive rock,4
collage,2
dancecore,3
great escape 2008,3
southampton,3
braindance,16
nacional,44
poppy hardcore,1
euro-house,530
celtic,421
metal punk,109
chinese,27
rasta,68
glam metal,117
moje standards,132
american punk,39
hardcore emo,1
antifa,11
sdmf 2006,1
spanish hip hop,14
top christian,2
blackened deathcore,3
melodic speed metal,2
liverpool,26
mestizo,57
soft,330
magyar,28
scandanavian rock,9
soundtrack composer,11
german raggae,9
avant-garde rock,13
castellano,41
talented ladies,28
old fashioned,27
sleepy music,6
dance mix,3
cymru,7
bagpipe,13
european female,6
boogie-woogie,37
italian folk,6
liquid,11
san diego,19
psychedelic ambient,19
patchanka,33
christian rap,28
roots revival,1
avant-garde jazz,12
old school rap,48
indie metal,1
cybergrind,1
sacred,7
old school slow jams,2
golden age,7
canadian punk,4
roskilde,6
slow core,175
ost,127
creative commons,34
rap espanol,5
finnish melodic death metal,1
hardcore hip hop,43
pop mexicano,4
chaotic metalcore,3
battle rap,4
chicago blues,252
piedmont blues,43
southern rap,55
tango electronico,5
blues guitar,27
lyricist,16
77 style punk,35
bassist,17
funky house,84
conscious reggae,7
newgaze,13
arizona,8
pop opera,3
mbira,9
ghetto hardcore,1
dark folk,19
contemporary christian,195
gangster rap,252
illinois,55
ebm,543
nts,3
jangle pop,86
berliner rap,3
dream dance,4
monolith festival,13
festa major,18
suomi saundi,3
iceland,2
mellow rock,9
avantgarde black metal,2
prewar blues,14
progressive grindcore,3
downtempo,4224
folk metal,195
modal music,17
christian metalcore,26
arabic,39
early electronic,1
swamp rock,41
diy,19
hong kong,19
btvs,1
magyar rock,9
lindy hop,4
iran,2
dominican republic,2
sub pop bands,9
guaracha,6
scandinavia,507
movie,109
female fronted,83
terror,15
neometal,6
solo country acts,8
gang vocals,2
mute records,1
white metal,6
punk revival,266
traditional,347
cabaret,288
jamaican,67
florida,73
piano trio,5
progressive jazz,55
black rock,16
south asian roots,8
skacore,38
classic folk,1
mandarin,20
broken beat artists,3
memphis soul,42
latitude 2006,1
acoustic pop rock,5
choir,10
easy jazz,12
rostock,3
rap,2323
folktronica,61
technical death metal,79
bastard pop,11
harmonies,63
world beat,118
harp,20
cello,63
brazil jazz,1
bel canto,4
irish folk,93
boomkat,4
nrg,1
progressive technical death metal,5
slide blues,1
nuevos,1
nottingham,1
touhou,2
martial industrial,4
jazz,5930
buddamat,74
sevilla,10
louisiana,52
symphonic,129
grind death metal,7
disco funk,8
punk folk,1
ambient dub,15
dj trance tech,2
girl vocals,3
genial,22
minimal synth,5
dark dnb,8
uptown soul,9
new weird japan,4
perfect pop,2
soul pop,6
death metal,1479
hip hop,5924
big band,463
noise pop,149
depressive rock,7
argentina,117
fuzzy,9
primavera sound 2009,5
soulful house,4
european folk,7
lokerse feesten,1
art metal,7
breaks artists,12
indiepop sweden,4
horror ska,4
straight edge hardcore,10
bulgarian,1
schmusesongs,2
trumpet jazz,3
sea shanties,10
smooth jazz,1110
surf music,372
psychedelic soul,21
fender,2
movie score composer,26
warped 2008,5
peace,13
pulse,1
late night,26
minimal tech house,26
italian black metal,1
rock 60s,1
independent rock,1
fmera lounge,7
neo soul,589
jazzy hip hop,17
humorous,164
pop metal,114
manchester,23
2 tone,59
mystic records,1
granada,7
spanish guitar,3
christian heavy metal,2
bosnian rock,4
tough guy,1
celtic new age,18
deep ambient,3
washington,74
relax,564
chorus,27
indietracks 2008,7
eastern europe rock,23
rumania,1
wonky techno,1
swiss,31
trova,22
dirty electro,10
bossa vocal,3
fingerstyle guitarist,2
catwalk,1
psygoa,3
pacific northwest,2
country,3166
neofolk,448
jrock,113
jazz moderne,16
cathartic,3
chilean,11
rock andaluz,9
gaycore,30
hymns,8
percussion,51
vallejo,11
big chill,5
angelic,1
rock catala,3
lujo,6
ritual ambient,5
sacramento,14
mellow,1207
saddle creek records,9
vocal jazz,426
delicate,27
elephant six,3
netaudio,10
sentimental,34
viva zwei,4
fuzzalicious,11
20th century classical,2
sexual,4
artist,34
western swing,51
dada,2
ethereal and medieval,5
french metal,20
electro tech,14
karneval,6
modern acoustic blues,6
hardcore,2725
minimal,1370
viking metal,176
classic female blues,20
ambient noise,3
bbc introducing,12
new york rap,4
sound devastation,5
baltic,3
delaware,3
hospital records label,4
latin dance,19
aggrotech,26
jangly,11
post-emo,10
western new york,2
industrial,1995
french hip hop,48
country music,173
progressive metal,857
michigan,56
bolero,78
left wing,45
indie rap,16
musique concrete,2
psytrance artists,21
pancaribbean,7
music chain,28
turkey,21
belgian rock scene,1
sun records,2
delta blues,319
deathgrind,69
third wave ska revival,39
contemporary classical music,234
piano rock,49
drummer,35
fat wreck chords,6
black metal from australia,1
moog,5
german comedy,8
leftist,3
rap - hip hop,14
poetic lyrics,2
progressive metalcore,8
middlesex,6
british,1544
northern soul,158
guitar rock,12
math-core,84
acoustic pop,38
rock gothique,3
norwegian gothic metal,3
edmonton,5
trash metal,34
jump,3
ultimae records,3
soul jazz,1043
mnml,8
metalcore,777
ostrock,5
dark electro,118
duet,49
karaoke,37
cult,62
goa trance,96
upplevt live,5
electronic music pioneers,1
death black metal,15
space synth,1
california hardcore,6
argentinos,7
disco artists,2
folk revival,19
4ad,8
jazzclub eisenach,13
funky,693
quiet storm,180
political,738
doom rock,9
mexican rock,9
dc,44
bouncy,26
dark psytrance,16
kansas city,11
disko b,2
post-disco,7
caribbean,46
cold,21
war metal,17
swedish hardcore,6
spanish metal,29
madrid,37
new prog,17
north africa,10
sahara,7
groovin,1
canto nuevo,2
bajan,2
true ambient music,1
acustica,5
nova scotia,4
british hard rock,14
smooth,579
mexican rap,1
dance dance revolution,21
rotation,15
galicia,17
tooth and nail records,16
rockin,14
venezuela,18
bongo,2
concerto,6
basso,2
adelaide,6
bliss,2
ska punk,379
latina,39
scat,19
latin america,22
nu-soul,54
symphonic gothic metal,6
early jazz,16
madchester,89
bloom2007,2
2 step,26
80s underground,8
new school hardcore,8
baltimore,25
traditional pop,110
new folk,2
pirate punk,3
crunkcore,8
experimental music,15
uruguay,13
retro,249
guitar virtuoso,204
dixieland jazz,30
progressive deathcore,2
harsh ebm,38
virginia,56
passionate,51
brazilian punk,1
geek rock,28
larrau,5
jagjaguwar,11
noir,10
retro pop,7
betizfest,3
torino,3
ballet,13
german pop,623
classic progressive rock,9
dream,140
funk soul,1244
africa,114
alternative folk,115
jazz guitarist,5
dark metal,40
celta galego,2
nocturnal,18
swamp blues,18
emo hardcore,10
regional mexican,6
fast melodic,3
acoustic music,2
christian indie,16
soul blues,88
gabba,276
ethereal,411
miami,21
melodic punk,152
grammy winner,15
speedrock,36
ohio,55
jazz ladies,6
world electronica,1
euskal herria,9
japanese alternative rock,4
downtempo dub,1
progressive electro house,1
alternative rock,7146
brazilian jazz,62
kids,44
vibraphone,7
church,2
dark country,5
swedish reggae,11
hamburg city,9
flamenco guitar,3
rock mexicano,9
japanese heavy metal,2
minnesota hip hop,1
field day 2007,2
dream pop,448
united states,5340
50s,302
technical,187
us metal,36
scene francaise,7
coldwave,52
sanremo,2
modern rnb,1
ch,1
string quartet,34
drama,4
60s rock,9
cock rock,19
nordic jazz,3
alternative metal,719
poignant,7
60s,1042
hardcore rap,315
alternative dance,234
bhangra,16
hecho en mexico,4
jazz piano trio,6
tex mex,17
free radio usa,8
1960s soul,1
classic metal,25
neotrance,19
computer music,1
male solo,4
female fronted rock,4
columbia,6
classic hip hop,3
greek black metal,2
buena vista social club,9
soul,4360
metal,3430
christian rock,392
new romantic,199
50s rockabilly,1
solo artist,21
new york city,185
daytrotter,58
groove metal,130
slap bass,3
ragamuffin,47
slide guitar,15
new school drum and bass artists,6
goteborg,5
balkans,10
tv theme,1
bass virtuoso,4
grooveria,4
melancholic rock,20
jazz vocal,268
liedermacher,33
national socialist,20
latin folk,10
creole,13
nederlandse hiphop,2
revolution hall,26
turkish,35
magic marker records,1
tuga,3
punk new wave,17
japanese female vocalist,4
hard rock,3418
gothic,911
midlands,28
chamber jazz,69
modern folk,50
field recording,39
italian songwriter,18
golden oldies,26
jazz pop,120
romantic music,53
tech funk,2
american rock,15
kentucky,32
dance music,33
powerful voices,8
indie pop rock,4
single,28
classic ccm,5
american space music,1
psychedelic,2045
soundscape,52
pop punk,619
gothenburg metal,10
christian hip hop,6
tru thoughts,6
austrian hip hop,7
power trio,11
early music,30
traditional ska,13
monolith festival 2007,3
french singer,2
nouvelle chanson francaise,7
pops,18
viking rock,2
soft ambient,1
melodic death-thrash metal,6
voice,340
male,696
instrumental pop,105
ambient pop,21
mediterran,33
zommetal,80
full on trance,9
spanish ballad,20
religious music,155
old school rave,2
party time,7
country music artist,4
chaotic,26
renaissance,20
cambridge,2
peace punk,20
abstract rap,1
experimental rap,1
soloist,3
psycho,47
artificial lounge,13
commercial country,1
female folk,4
rock opera,15
hindi,9
italian jazz,5
palestine,1
fib 2006,1
finnish electro,3
mezz 2007,1
hollywood,14
glitter rock,4
brutal,213
glitch hop,30
hallal,2
post classical,3
industrial hardcore,7
twin guitar,2
eastern european,4
mediterranean rock,12
cardiff,6
slovakia,15
classic dancehall,1
oi,272
bounce,29
british invasion,124
afro-cuban,80
intellectual,34
kompakt label,17
andalucia,18
celtic folk,49
cinematic,57
thrash and speed metal,1
deutsche schlager,9
leeds 2008,1
christian deathcore,6
huumori,1
rock independente,1
speed garage,155
christian hardcore,82
classic soul,9
guitar blues,4
houston,42
punk and oi,4
folklore,28
folk delights,1
communist,9
swiss hip hop,2
driving music,3
broken beat,644
progressive rock,1936
brooklyn,131
power speed metal,5
greenman festival,19
eclectic,189
praise & worship,72
mosh,24
meditation,71
melodic pop punk,1
deutsche texte,23
grunge rock,3
german ska,4
warp records,17
hungarian folk,3
female jazz,13
angry pop music,1
flying rhino label,5
germany,3585
british pop,1173
harsh noise,52
eclectic prog,9
boogaloo,78
posi,49
swedish melodic death metal,5
bollywood,14
sxsw 2006,40
sadcore,65
bluegrass gospel,17
british blues,53
french rock,72
20th century,78
nuevo rock argentino,3
90s turkish pop,2
liturgical,1
symphonic power metal,21
pop jazz,1
aftermath,8
beautiful music,9
female group,1
calgary,2
irish punk,6
son cubano,10
experimental hip hop,17
grindcore,730
nomasde,25
groovy,198
philadelphia,74
iskelma,17
uk hip hop,20
psychedelic blues,2
sensation,2
fennoskandia,9
harlem,13
skate rock,6
anatolian rock,4
high energy,1
freedom,11
keyboardist,5
french progressive,8
bard,12
barbados,2
byh2007,2
digital hardcore,80
gaelic,20
salsa,271
modern metal,17
progressive death metal,53
creepy,13
finnish rock,34
lusofonia,105
country punk,1
dour festival 2008,2
grupos nuevos,2
nurse with wound list,12
cuba,45
british columbia,6
comedy central,23
cuban jazz,17
bay area indie,1
old school,502
finish,407
video game music,65
sxsw 2007,66
irish,172
70s rock,50
power metal,509
ritual,6
flute,44
middle east,9
kantine kn,1
british folk rock,11
progressive folk rock,7
geek music,5
experimental indie,4
eurodance,292
progressive,1317
funk and soul,4
german artist,65
drums,361
extreme,25
eastern europe,4
breakstep,1
cante,6
tin pan alley,6
alternative indie,14
magna grecia,5
christian blues,5
aggro,4
lo-fi,1111
southern,109
reggae rock,14
japanese,385
skate punk,115
acoustic rock,106
thrash core,92
wisconsin,21
noisy,14
galiza,32
male country,90
technical progressive death metal,3
ritual groove music,2
comedian,44
scene,8
boston rock,1
double bass,2
gp worldwide,1
indian fusion,4
schranz,9
synthpop,3436
california,967
indie emo,11
indies,9
canadian metal,14
deathchant,1
jazz bass,18
pp vips,6
exuberant,6
pop reggae,5
postcore,2
anime soundtrack,1
bluebeat,3
introspective,7
rif,15
ai records,3
fat possum,13
avant-garde,766
slide,90
cyberpunk,75
catalonia,18
reflective,96
leggera,7
belize,1
facedown records,4
jig,2
american gothic,2
progressive power metal,13
minimal house,40
chilean metal,3
fidget house,4
qawwali,6
blues based rock,1
classical pop,5
future jazz,1254
roots,481
male vocalist,2575
scotland,99
musiques francophones,2
instrumental prog,17
dancehall,660
new rave,74
beatnik,10
sympho black metal,125
high school,46
country female,25
search,30
2008 bonnaroo,9
experimental metal,11
pop group,1
indian pop,4
svensk topp100,4
classical guitar,10
maghreb,1
yiddish,10
birmingham,25
french composer,4
macedonia,5
hip hop spain,13
crustcore,8
club,942
indie,5587
breakcore,362
southern soul,232
nu skool breaks,20
club house,10
hebo,24
indiemo,7
stax,31
blues revival,8
ska reggae,4
contemporary worship,9
turkish music,2
influential,95
argentine tango,9
classic goa,3
filipino rock,7
dalarna,8
trip hop,2353
classic rock,3809
medellin,5
classic country,228
happy rock,4
urban folk,37
jive,35
western,17
mainstream jazz,51
doomcore,29
sydney,25
old blues,16
schlageroldies,6
murfreesboro,2
classical pianist,3
brutal doom metal,1
minneapolis,18
west africa,15
panama,1
greek metal,6
electro,4417
lounge,1197
black,422
motown,232
folkie,1
traditional irish folk,24
christmas music,404
jazz electro,7
island music,85
punk pathetique,6
us power metal,14
sample,26
classic hard rock,2
new zealand music,13
skate,10
northern,1
bagpipes,17
new orleans funk,4
three chord punk,7
world,2961
latino,204
power violence,56
loud,92
acid folk,21
old school hip hop,70
bosnia,7
akoesties,1
coachella 2009,2
stones throw,7
female fronted punk,3
chinese rock,1
vintage,8
eurocrunk,2
woodstock,13
uk soul,9
rap francais,74
samba,456
minnesota,90
roots and culture,37
acoustic folk,5
dour festival 2006,14
trio,40
teen pop,191
deutschsprachig,77
satire,43
british 60s,1
viking,17
witty,52
40watt club,29
revival rockabilly,25
girlie pop,7
reggae dancehall,10
minimal techno,139
scratch,5
neue deutsche welle,10
pop italiana,21
holophonic poetry,3
chicago soul,68
modern funk,12
electric delta blues,29
ibiza trance,9
dublin,21
new orleans jazz,53
60s garage,8
punk latino,2
uk trance,1
pop country,18
top 250,2
suaves,6
teen,7
salonmusik,4
persian,4
norwegian rock,3
heavy,906
extreme metal,173
east coast blues,58
gorecore,3
italian rock,37
pop folk,25
reggae francais,5
rock against communism,43
industrial death metal,6
sxsw,35
taiwanese artists,2
household name,12
melodic thrash,13
electronic industrial,5
dark rock,8
one man band,4
house,4058
indie rock,5512
gothic rock,804
mississippi blues,6
tarantella,1
merseybeat,25
mm,9
hed kandi,7
russian electronic,2
trojan records,2
albuquerque,2
new orleans blues,22
sitar,2
pagode,22
opera singer,4
roraima,8
leeds,16
barcelona,19
street punk,129
washington dc,19
jump blues,114
emo violence,27
dance-punk,106
trance artists,2
fieldday2007,4
reed,1
malmo,3
modern death metal,2
progressive doom metal,9
ambient trance,2
posi hardcore,4
raleigh,9
freestyle,448
southern hip hop,9
heavy rotation,19
cosmic american music,11
gallego,2
hip pop,7
electric guitar,7
smooth soul,27
technical deathcore,6
clairecords,1
devils guitar,5
melodic doom metal,10
nekka nacht 08,1
secretgardenparty2006,1
dulce,7
italian disco,848
jazz rock,360
german lyrics,84
french pop,201
twee pop,119
russia,135
broadway,45
intense,58
film score,35
ann arbor,2
madonna,9
african,82
nerd,14
jazz drum,6
batcave deathrock,5
porncore,10
beautiful female voices,3
garage revival,2
dc hardcore,9
gothic doom metal,18
funk,3712
intelligent dance music,1479
lyrics,422
english,577
algeria,2
jazz influenced,9
brass,53
elegant,21
air guitar,4
french progressive rock,4
british death metal,2
hammond organ,30
frenchcore,34
female jazz singer,14
italy,875
brazilian pop music,292
aggressive,269
club dance,313
funky style,2
ireland,91
theater,34
stoner metal,96
southern blues rock,2
montreal,52
swedish music,27
country roots,12
memphis blues,18
funkcore,6
abstract hip hop,56
dirty south rap,165
dub reggae,10
italian progressive rock,11
rebel music,7
fast melodic hardcore,5
old school jungle,1
troubadour,3
romania,6
tenor,8
reggae metal,4
electric texas blues,24
finnish indie,3
indie brasil,2
uk garage,654
rock nacional,102
swedish metal,39
hard dance,46
trance progressive,13
sublight records,4
space disco,15
supergroup,22
valkyriex powerr,32
female rapper,8
filth music,2
rakkaus,1
trallpunk,7
dubstep,234
denmark,112
modern jazz,88
avanthop,1
deep,213
chicano,3
darkstep,19
new england,14
norway,243
experimental deathcore,1
tribute,11
family act,11
arranger,6
kora,1
slow rock,3
georgia,59
fading yellow,11
christcore,13
punk argentino,3
bashment,18
soulful drum and bass,7
deathrock,74
black music,25
balkan,53
swedish folkmusic,7
slovenia,5
psychedelic metal,9
electronical,2
male lead,2
cosmopolitan,4
contemporary celtic,58
zxzw 2008,3
bamboozle 09,4
instrumental music,3
west coast jazz,8
boleros,10
magnatune,21
netaudio artists,5
death industrial,4
lowlands 2006,4
europop,1539
irish trad folk,14
hard bop,349
avant-prog,36
calypso,226
classical crossover,44
guitar gods,26
emo rock,5
spanish music,29
portland,35
oslo,3
monotone,4
twin cities,17
power ballad,3
brutal death,13
gospel,540
contemporary jazz,692
thrash metal,1152
jazz funk,953
country blues,433
queens,27
nueva cancion,9
rock latin,50
ambience,6
modern blues,22
estonia,9
jazz saxophonist,1
orchestral pop,14
outsider music,7
finnish industrial metal,2
ambient post-rock,3
colorado,42
80s alternative,1
romanian folk,2
martial,6
indie acoustic,7
experimental hardcore,4
pinoy rock,7
chanson,1231
rio de la plata,39
no limit,5
thrash-death metal,7
christian praise and worship,13
genious,33
contemporary blues,76
punk ska,9
geek,7
modern hard rock,4
pop idol,10
basinfirefest 07,4
uk artists,4
traditional gospel,11
swedish indie,9
game ost,4
greenbelt2005,5
horror metal,4
modern classical,594
cowpunk,31
punk and ska,2
irish rock,20
glam punk,3
alternative hard rock,9
standard,120
crunk shit,1
live in 06,8
electric bass,3
distortion,5
classic guitar,12
discofox,3
son montuno,1
bestial black metal,1
pop rap,1361
rock en espanol,202
acoustic,4026
rockabilly,1010
peru,3
78rpm,14
missouri,20
indiana,17
throat singing,3
ipecac,2
canadian hip hop,13
ska jazz,13
songwriting,2
ambient electronica,3
rude boys and rude girls,8
corridos,3
folk jazz,19
indie disco,3
genre,11
hot jazz,10
art rock,1125
jam,234
beat,301
industrial punk,4
fatcat records,2
requiem,4
vintage jazz,2
pornogrind,10
texas music,14
cryptofa,6
china,7
modern electric texas blues,13
progressive indie,5
bilbao,12
underground black metal,2
tyneside,1
urban,844
psychedelic pop,67
spanish punk,29
salsoul,2
holiday,151
girl pop,17
baiao,5
discover,70
ranchera,31
progressive black metal,10
progressive big band,2
trip rock,18
indian classical,9
bossa n samba,1
rock venezuela,2
venezuelan rock,2
london scene,3
azkena rock,2
ambient breakbeat,5
classic blues,145
european,1367
pdx pop now,8
raga,251
indie electro,12
francophone hip hop,20
glastonbury 2008,4
punk blues,17
idol finalists,1
trash punk,1
afro,1
puro rock,1
baritone,1
electronic music,118
happy hardcore,488
cantonese,10
crunk,133
quebec,39
90s dance,6
epic doom metal,9
deep tech house,4
mucajai,13
modern prog,6
old school soul,9
latin funk,3
slow jams,14
terror ebm,19
euro rock,2
basque rock,5
emotional,403
stoner,187
hip hop underground,7
new age classical,4
texan,42
grp records,30
italian reggae,6
ethno,46
folk galego,5
belgian alternative rock,2
urban art forms 08,1
appalachia,10
violent,7
fr,2
rock,13056
england,784
ska,1838
latin rap,35
west coast rap,105
light rock,17
swedish punk,18
girl rock,37
indietracks,1
mall emo,3
melodic trance,50
lowlands 2007,15
springfield,4
clever,30
argentinian rock,1
lucerne,2
salvador,9
latin hip hop,12
harddance,2
progressive house,1473
acid house,250
artiste francais,33
opera,91
game,107
wjfm,30
batucada,65
welsh,34
cowboy,33
guitar god,13
french reggae,2
akron,1
neo-progressive,84
brazilian reggae,3
slide guitar blues,28
mount vernon,4
norcal,19
sao paulo,4
acoustic bass,4
fingerstyle guitar,4
tango  argentino,4
connecticut,25
post-punk,42
neo classical metal,30
spanish rap,14
acoustic guitar,154
musica,52
acoustic indiepop,1
obscure,19
glastonbury 2007,8
colombian rock,2
german gothic,7
drinking music,39
queen,4
german schlager,2
desi,10
outsider,4
folk rock,3493
modern,197
duyster,115
melodifestivalen,14
rap us,25
political rap,56
taiwan,26
spanish pop rock,37
whimsical,32
chaotic metal,8
eesti,3
broken up,17
swedish folk rock,3
riddim,18
nashville,37
wgt 2007,17
flow,12
new age,374
german punk,31
melodic power metal,45
portugese,101
acoustic jazz guitar,6
hillsong,5
jazzy beats,3
lms artist,14
nintendo,8
eurovision song contest,46
third wave ska,26
bay area rap,2
new flamenco,15
nu rock,4
skiffle,18
argentina rock,14
spanish new wave,10
mundart,23
modern creative,30
hungary,31
male fronted metal,4
extratone,1
american thrash metal,19
trancestep,2
wacken,13
chamber music,40
gramophone,7
taiwanese,17
epic metal,38
big chill 07,4
female rock,8
juke joint blues,33
experimental dub,3
gothabilly,5
triple j,5
chile,21
ndh,4
viola,5
folk song,2
reggae,3181
spain,701
christian folk,3
emo,1879
soundtrack,3132
southern rock,650
chinese music,11
bluesy,37
native american,14
contemporary folk,115
musette,24
old jazz,5
violin,103
emo indie rock,3
boogie rock,38
funk jazz,10
weblabel,4
beautiful voices,10
free music,12
anticon,18
chaotic - hardcore,21
dance 90s,2
gypsy punk,2
dk,16
world music,738
tango,239
baroque pop,22
minimal electro,40
german band,47
80s metal,82
female fronted metal,73
pimba,1
dark wave,509
gothenburg,9
katzenmusik,5
trubadurer visor och grejs,8
neoclassic,11
finnish black metal,11
movie soundtrack,40
italian heavy metal,8
ram records,2
steel guitar,4
japanoise,14
bayou rnb,1
glam,383
german rock,72
death metalcore,1
close harmony,128
tamil,1
black gospel,23
vampire metal,2
zxzw 2005,2
colorado rock,9
technical progressive metal,4
jamaican ska,9
forest music,7
female opera singer,1
jazz singer,9
top 50,5
pinoy music,7
abstract,1305
ctt,21
psycho punk,4
90s pop,35
moody,55
60s british,1
waltz,19
accordion,49
babygrande,21
sing along,18
shibuya-kei,8
english rock,2
danish rap,9
trashcore,4
wacken 2008,7
protest song,9
brazilian metal,2
punk,5003
techstep,5
true metal,53
smart pop,3
chillosophy,32
depressive,29
harmony vocal group,13
polish rock,29
neo,3
disney music,21
fusion jazz,48
mallcore,12
cultura urbana 08,1
obscure country divas,2
marrabenta,2
shakuhachi,3
disco,3480
garage rock,1444
los angeles,621
virtuoso,119
bossa nova,476
strange,68
swamp pop,7
emo punk,8
south african,20
columbus ohio,13
trestock,2
ladies,18
classical,1223
mexico,156
up beat,267
orleans,5
psychedelic folk,60
crossover jazz,83
italian ska,8
technical brutal death metal,2
cancion de autor,13
wax trax,4
dischord,11
hoerspiel,7
roskilde 2009,6
indian vibes,2
progressive hip hop,3
belgium,469
funny,517
pub rock,17
mod rock,4
cool jazz,477
noise core,86
80s synthetic french pop,2
experimental big band,3
red dirt,4
monterey pop,2
uk hardcore,23
german metalcore,13
spanish heavy metal,9
percussionist,1
labrador records,2
neue deutsche todeskunst,3
louvor,2
little jig,8
classic westcoast,1
latin,2326
all-female,103
female vocals,631
bogota,2
west coast,101
blackened thrash metal,22
math metal,41
nederpop,24
horrorcore,32
african reggae,4
collaboration,9
anime music,5
multicultural,6
revival,7
en espanol,39
female vocalist,2680
kansas,14
american trad rock,47
volatile,4
wales,45
punkabilly,10
experimental pop,53
spain hip hop,6
jazz trumpet,5
quiet,74
hawaiian,3
italian band,1
progressive psychedelic,1
ecuador,2
blues harmonica,18
wop,11
clean vocals,3
minneapolis sound,6
world jazz,6
90s alternative,2
classic drift,1
little jig records,2
roskilde 2006,1
aquarius records,3
nu metal,722
electric,78
compton,7
christian punk,32
sundazed,5
indie alternative,9
riot folk,6
synth metal,4
bundesvision song contest 2006,3
bay area jams,1
sleaze metal,5
calgary folk fest 2008,3
progressive trance,1016
rock ballad,5
indie folk,261
latin rock,89
inspirational,175
lambada,89
maracatu,1
horror punk,83
sludge metal,65
sound poetry,5
hippie,30
texas punk,4
international,82
la mar de musicas,11
paisos catalans,25
revival ska,3
confrontational,1
mod,198
melodic death metal,534
german hip hop,93
contemporary instrumental,80
new traditionalist,35
dreamy,301
post-black metal,4
norwegian,189
pop en espanol,16
slovak,16
rock italiano,13
mainstream,60
old school ebm,12
french rap,62
nordic metal,11
gothic country,2
trancecore,12
deep house,1732
alternative rap,206
post-grunge,298
tenor sax,24
30s,61
psychedelic chill,59
san francisco,112
progressive punk,3
electro-funk,50
pretty,92
electric folk,8
german death metal,1
rock hard,4
texas country,28
big chill 08,4
canterbury scene,5
swinging,2
kpop,4
glitch,529
garage,435
afrobeat,287
death/thrash metal,55
munich,8
vallenato,16
90s rock,65
epic,447
60s pop,71
christian music,80
poetic,100
industrial dance,111
darkside,5
serialism,2
classical fusion,2
musica argentina,8
reggae roots,4
grime artists,1
bahia,12
santoor,3
oldies,1387
party music,641
psychedelic trance,272
8-bit,55
africosmic,43
am pop,55
brazilian music,67
dark cabaret,24
pop argentino,4
instrumental post rock,10
eurovision top,7
sudan,1
latin choice,3
conscious rap,8
background music,5
trance,2433
acousmatic,2
brazilian,259
conscious,343
rave,192
electric blues,269
soul music,32
japanese music,43
country gospel,52
swishahouse,2
forro,15
sunshine pop,84
divas international,11
industrial thrash metal,2
manitoba,10
sci-fi,13
power ballads,4
hellenic metal,7
zxzw 2009,1
woxy,60
adult alternative,109
power beat,1
swedish pop,22
cuban,69
italophilia,6
italian indie,20
catholic,3
british metal,28
rio de janeiro,22
male fronted,16
magna carta artists,2
reggae punk,7
tough guy hardcore,6
mallorca,9
tabla,10
bergen,8
auteur,9
free jazz,778
swing,842
speed,52
spanish indie pop,57
beautiful,1506
electro house,109
new weird america,137
vocal trance,107
electric chicago blues,20
punk metal,106
classic beach,12
indonesian,2
heavy dubstep,1
enka,4
folklore argentino,7
pinoy alternative,7
cambridge folk festival 2008,5
suomipop,45
piano,1298
comedy,476
south,32
rock steady,275
musica instrumental brasileira,7
ninja tune,51
technical metalcore,9
nu breaks,18
harmonica,45
beatlesque,9
female singer-songwriter,65
planet mu,4
contemporary r&b,8
deutscher ska,4
old country,64
political folk,2
bizarre,12
sludge core,31
narrative,2
drone doom metal,7
soul and funk,4
medwaybeat,4
swedish black metal,3
pukkelpop 07,1
electronica latinoamericana,1
priority,2
haldern 2008,4
seattle band,3
indie music,1
indie argentina,1
west virginia,4
blues guitarist,2
progressive alternative rock,5
kbd,1
early nineties indie,1
retro electro,4
melodic hardcore punk,8
danish bands,8
level plane,4
dance island 2008,1
womad uk 07 artists,1
murder ballads,1
drug music,3
stepmania,1
compostela,2
beats and breaks,2
brutal technical death metal,8
tokyo,8
opera metal,2
mlx,10
angelic voices,6
evening music,2
nonfag,11
newark,12
cod,2
house party,4
cowboy rock,1
juggalo rap,4
pinoy band,2
microdub,2
christian power metal,2
strong voice,5
erotic,1
summer breeze 2009,1
electronic folk,2
mandinka,1
freeform,2
western classical,1
kung fu records,4
alternative jazz,1
rioplatense,4
cerebral,6
alto saxophonist,6
finnish blues,6
eimsbush,2
modern laika,1
hypnofolkadelia,4
punk spain,1
performer,2
live recording,1
euskal musika,4
richmond,4
desert blues,17
rock clasico,2
osnametal,1
kreyol,1
salsa colombiana,7
czech alternative,5
electric tremor,1
80s rockabilly,1
teraz polska,5
broermoats feestival 2006,1
bloodshot records,4
spanish underground,7
comedy metal,1
electro tango,3
olympia,10
jazz divas,11
power groove,1
greatest hits,2
top 10,2
power rock,5
modern thrash,2
greenbelt,1
ruisrock 2007,5
ragga jungle,12
acid rap,4
spanish songwriters,4
industrial noise,4
swedish rap,1
nyahbinghi,1
classic rockabilly,8
punk rap,5
hebrew,4
wu fam,1
congolese,2
canadian artist,2
pinoy rap,2
croatian punk,8
charlottesville,2
indie dance,6
midwest hip hop,2
trad ska,2
minimal wave,6
dance trance,8
technopop,4
experimental black metal,1
piosenka dla europy,1
female hard rock,2
funky electro,1
nationalist,2
djax up beats label,1
reading 2008,4
polish hardcore,3
baritone sax,5
flamenco rock,7
novarock 2005,2
warsaw,5
hard blues rock,3
polish alternative,1
ambiolectronic,4
new zealand rock,5
american ska,5
berlin untergrund,2
sender records,3
techno industrial,9
belter,3
60s influenced,2
bay area thrash,2
wgt 2008,7
post-thrash,4
gay disco,2
new orleans bounce,2
fast thrash,2
groove merchant,5
horrorcore rap,17
contrabass,5
rhodes,1
arabic pop,1
irish folk punk,4
indie christian,1
emmaboda 2006,4
rap underground,10
gospel groups,1
jamgrass,4
frevo,17
urban jazz,8
flatpicking,7
mixt,10
tuska 2008,1
nardcore,5
early rock n roll,1
fmera jazz,8
military pop,1
freestyle rap,1
neo funk,3
englishceltic folk,4
load records,5
extreme grindcore,1
hardcore german,1
neoclassical darkwave,2
storsjoyran 2002,5
italian classic rock,5
sweetzerland artists,2
coachella 2008,1
oriental metal,2
brazilectro,6
lollapalooza 2008,3
hurban,1
fake jazz,1
wizard rock,6
orange county,4
knoxville,1
emoish,1
costa rica,2
sunshine,1
holy hip hop,1
shred metal,4
jazz quartet,2
rise records,1
90s vancouver rock scene,3
scottish pop,1
hair rock,3
filk,5
political reggae,8
gregorian fusion,7
obscure 80s,3
evangelica,4
german idm,1
japanese city pop,3
rap politique,1
brazillian,3
korean,5
vale music,6
techno minimal,2
senegalese,4
female fronted christian metal,2
transgressive,9
punjab,3
latin electronic,2
memphis crunk,2
mantua,1
north morava,4
new british invasion,1
country christmas,4
iidx,2
dalmatia,6
korea,4
psychedelic downtempo,5
sexcore,1
stoner pop,6
brazilian death metal,1
traditional melodic heavy metal,2
christian pop punk,8
50s vocal group,5
south american,3
guinea,1
slsk,4
contemporary rock,1
indie jazz,2
bangla,1
german oldschool,2
pittsburgh,3
rock am ring 2009,1
anthem trance,2
glockenspiel,2
gospel soul,1
east midlands,3
anime ost,4
heavy prog,4
nerdcore hip hop,1
8bitpeoples,4
chilean pop,5
80s glam,1
epic power metal,2
fashioncore,1
german music,12
drone ambient,8
blues jazz,5
classic house,1
depressive black metal,10
polish metal,2
gregorian chant,5
uk reggae,3
swiss rap,1
thrash hardcore,1
detroit house,1
satanic black metal,2
german black metal,12
comique,9
chilled hip hop,2
bay area thrash metal,1
magical,17
progressive music,6
apocalyptic,2
rock werchter 08,2
japanese indie,4
noise ambient,1
jazzcore,8
symphonic melodic metal,3
bloomington,9
british hip hop,7
mathgrindcore,1
celtic pop,6
belarus,4
pure grunge,3
em411,2
club trance,1
deep elm records,5
uk happy hardcore,1
boxer recordings,2
boston folk,2
sundsvall,1
psycho rap,5
retro thrash,1
bcore,3
ithaca,2
stadium rock,5
nyckelharpa,1
emo metal,3
harsh electro,8
female dance vocals,2
uk alternative,1
brit indie,1
afterdark,6
cante flamenco,6
german industrial,4
rock al parque,2
christian electronica,3
skweee,3
reggae dub,3
industrial hip hop,7
greek metal scene,1
90s metalcore,1
testament,7
instrumental progressive rock,2
utah,7
pitchfork,10
mixed jazz,1
20th century romantic,5
curso de armonica,2
christian woman,16
portuguese singer songwriters,1
tin pan alley pop,3
jewish music,3
luzern,4
indie roots,5
soundwave 08,1
hard bass,1
krakow,7
radio pop teen,2
noise punk,5
roaring 20s,5
disco polo,5
warner bros,1
pixies palace,1
funk house,2
hillbilly,5
post kraut,1
impressionism,2
halftoned,4
south african jazz,4
skronk,9
cymraeg,2
art pop,4
womad 2007,3
ed banger records,4
military,1
french 60s,7
radioparadise,1
radioitaly,3
country male,2
indie artist,1
progressive dark metal,2
baila latina,9
trovadores,4
buzz pop,2
samba de raiz,4
dubtronica,4
electro beat,1
house vocal,2
b side,2
melodic gothic metal,2
argento rock,6
gloomy,2
acoustic funk rock,3
us rap,1
scanian,1
swedish psych,1
btn,2
contempopranea,4
breakwave radioshow,3
ukelele,2
maarts,2
canarias,1
new orleans soul,7
christian acoustic,1
soul funk,15
exploratory,2
soft indie,2
melodramatic popular song,1
extreme progressive metal,5
sludge doom,4
miami bass,5
novi val,4
british 20century composer,2
memphis rap,3
hardcore melodico,1
netlabel artist,3
indie soul,3
creepy rock,1
contemporary music,7
mpb female,10
african beat,1
folkcore,2
sunset,4
emotion,1
emo screamo,3
saskatchewan,6
virgin metal,10
world groove,1
fabric saturdays venue,4
british oi,3
psychedelic techno,1
american psychobilly,3
llengua catalana,3
haiti,1
swedish indie pop,4
hamilton,5
mod reggae,3
rephlex,3
monolith festival 2008,5
belgian music scene,3
operatic pop,7
black metal melodique,2
baku,1
industrial ambient,2
true school,1
culture,7
suicidal black metal,3
turkish pop history,1
sheffield bands,1
sampladelic,4
nu italo,1
turkish folk,4
spanska,1
mittelalter,11
epic black metal,9
nu,4
taiwanese pop,7
emotional electronic,6
uruguayan rock,1
circus punk,4
kircore,1
novelty songs,4
italian hip hop,1
alternative electronica,1
mille plateaux,4
tuareg,6
murakami soundtrack,2
chill out alternative,1
trash rock,1
classical rock,2
instrumental surf,3
orient,1
punk ska hardcore,9
late sixties,5
celtic instrumental,3
brazilian funk,1
lounge jazz,1
portuguese pop,1
peak records,2
acoustic jazz,5
danish artist,5
rock transgresivo,6
brazilian indie,2
kizomba,6
minimal funk,1
neoswing,2
metropolis 2007,2
bay area bands,2
black n roll,1
comic,8
north east,8
norwich,2
belearic,4
boom bap,1
orebro,3
dronology,17
finnish power metal,3
french music,4
wgt 2006,3
american blues,2
socal punk,2
monaco,1
us progressive rock,4
bellydance,1
mormon,2
retro house,1
progressive gothic metal,2
punk colombia,1
pernambuco,4
reggae italiano,2
svart metal,1
spooky,7
sellaband,4
zouklove,1
female fronted electro,3
soundtracks and scores,10
pwl,3
obscure christian,1
rolling,6
eroguro,4
rock castellano,6
hate punk,2
zurich,5
history country,1
noise folk,1
troubleman unlimited,1
funky house artists,2
new indie,1
political hip hop,1
epitaph,10
progressive hard rock,1
tango jazz,3
political rock,1
smoking music,9
rheinkultur 2007,5
portuguese rock,4
female fronted symphonic metal,2
samba jazz,2
italian punk,1
dub reggae chill,1
second wave emo,1
last.fm,7
space ambient,2
reggae argentino,1
dark punk,1
synthcore,2
wonk,5
sensual voice,2
klassik noize,5
raggamuffin dancehall,4
power rhythmic noise,2
melodic electronic,1
sludge grind,2
new weird,1
czech underground,1
music festival,3
primitive festival 2008,5
italian experimental,1
folk hop,1
senegal,1
glade07,1
bulerias,1
future fusion metal,1
indian folk,4
lovitt records,2
progressive extreme metal,1
study music,4
italian hardstyle,1
urban gospel,4
durham,2
outlaw,1
lds,2
crete,2
uk bangers,5
rock electronico,2
folk pagan metal,2
city sounds,6
trance house,1
hard blues,1
irish music,8
beatboxing,1
brega,4
jazzstep,1
gospel rock,4
golden melody award,4
filipino,2
hawaii,3
ndw,22
rome,4
instrumental metal,7
power folk,5
technical punk,2
rap marseillais,4
black metal progressif,2
disco volt,1
jazzanova,3
sasquatch 2008,5
coachella,6
jewish,11
deranged records,1
east bay punk,3
austropop,9
heavy hitter,4
texas swing,1
jazz avant-garde,2
electrocore,2
clown music,4
breakdown,1
roadrunner,2
indie argento,2
die anderen bands,1
oz hip hop,2
truck festival,1
uk pop,2
afrofunk,5
swedish thrash metal,1
1970s soul,9
80s uk indie,2
singapore,4
black metal symphonique,2
soul jazz records,4
modern delta blues,6
somber,10
latin fusion,3
prague,4
nordic folk,1
foreignesque,3
slow death metal,2
suicided musicians,2
womad 2008,1
melodic indie,2
vermont,10
duluth,3
great britain,4
sheffield,11
african soul,1
old school rock,3
screamo punk,3
nw bands,2
not deathrock,2
modern pop and rock,8
japanese punk rock,16
classic thrash,5
surf punk,9
auteur compositeur interprete,3
porto,1
thrash revival,7
gothic radio,1
goa psytrance,3
electro soul,2
folk female,3
yorkshire,8
erie,1
def jam,6
siltbreeze,5
zaire,1
darkwave industrial,4
bestival,2
dirty disco,1
bremen,4
anarchist,16
polish nu metal,2
maine,1
christian band,5
polish hip hop,5
90s punk,8
brasil instrumental,5
deep drumnbass,1
houston rap,1
00s country,1
angura kei,1
acoustic punk,1
1960s garage,3
urinine records,3
djs,2
fastcore,4
dancefloor,1
deutscher sprechgesang,11
oldstyle,1
halloween,7
live worship,12
hokum,1
old school grindcore,5
slow pop,3
arabic music,4
delikatessen records,2
indiecore,2
espagnol,5
slick,11
dayton,2
saxophonist,3
frankfurt,13
skatecore,4
prodigy,13
unique voices,3
progressive sludge,6
soukous,12
seattle music,3
traditional japanese music,1
lektroluv compilation,3
moderatto,1
uk underground,2
salsa romantica,13
indie nacional,1
electro bass,3
radio 16,3
berghain,3
doom gothic metal,1
80s soul,13
frenchness,3
lunfardo,4
brutal thrash metal,6
mezz 2006,5
new noise,1
european blues,3
dance party,2
spitz,2
eurovision winner,1
tango fusion,3
classic heavy metal,1
spacey,7
summer sundae 2008,5
rock blues,2
bangface,1
gentechenonstabene,1
uk grime,3
schmaltzing brasilia,4
war office propaganda,2
mannheim,5
protest folk,1
jazz band,3
gentse feesten 2007,2
arab,2
bhajan,1
treemelody 08,1
porno funk,4
uillean pipes,3
rock metal,1
polish jazz,7
visual rock,2
provinssirock 2007,1
melodic doom death metal,1
southside 2007,2
lexington,1
cheesecore,1
popstars,12
two men band,2
malaysia,7
neu,7
armenian,2
melodic dark metal,4
balearic beats,1
death melodic death metal,2
rawkus,1
pakistani,2
victory records,2
social rap,7
flying nun,2
happy indie,1
country noir,3
zaragoza,1
unblack,10
grunge pop,4
curitiba,2
brutal deathgrind,4
punk-core,9
esoteric,1
hellectro,4
ukrainian punk,2
korg,5
black industrial,2
crossover prog,1
depressive suicidal black metal,1
bemani,1
war,1
classic rave,3
underground punk,4
islam,1
german dance,1
70s disco,10
dissonance,4
muslim,2
mtv,1
gaming,1
greensboro,1
classique rap fr,2
second-wave ska,1
paisley underground,8
philippines,2
azeri,1
sorted records,1
midi,2
falsetto,2
sludge doom metal,2
das fest 2008,5
nu stuff 7,2
epitaph records,5
60s country,3
graspop 2007,1
jazz and funk,2
progressive thrash metal,8
chemikal underground,1
funk artists,2
psychedelic noise,1
hultsfred 08,9
american indie,4
industrial pop,2
finnish music,10
electric jazz,1
burke music,1
traditional doom,4
pegcity,3
technolectro,1
new wave revival,2
christian contemporary,2
brazilian country,4
swedish progressive rock,2
barbes,1
hardcore and metal,1
yodel,3
trumpeter,3
brazilian brutal death metal,1
ambient atmospheric,6
modern prog rock,7
female vocal trance,1
tuba,2
musica de corno,7
progressive melodic death metal,1
rogaland,7
doom jazz,3
dsbm,3
movie score,25
epic hardcore,4
roxbury tunes,3
haldern pop 2008,4
black metal from netherlands,2
industrial dub,1
spanish hardcore,1
brit bands,1
amphi festival 2008,1
canarian,1
foreign hip hop,4
mexican boleros,1
scandinavian jazz,5
latvia,1
electronic renaissance,2
necro,1
new funk,2
lithuania,3
classy,1
finnish reggae,2
drum virtuoso,6
60s soul,3
vive latino,4
mosh hardcore,3
polish death metal,3
punk nacional,4
century media,6
wacken 2006,1
cuneiform records,4
spirit-filled hardcore,3
junk punk,1
rockin praise,2
finnish tango,1
cold meat industry,1
ambient dreampop,2
polish rap,5
novo dub,1
piano music,1
fun punk,3
soul divas,5
portugal alternativo,4
canadian hardcore,1
kingston,5
polished indie pop,5
coachella 2004,1
slumberland records,5
french female,10
highlife,5
exciting female voice,1
latin and mediterranean,5
canadian idol,4
canton music,2
spanish indie rock,5
bad boy records,3
experimental radio,3
score composer,2
country band,5
indie noise,1
electric violin,4
theme music,5
nordvargr,1
goa sounds,14
psychedelic dub,10
bso,4
planet e label,2
dorosalsa,18
british trad rock,1
anjunabeats,2
bonk,2
gore metal,5
pop electronico,3
inteligentny polski rap,5
czech electronic,2
electro trance,4
deathrock revival,2
modern thrash metal,1
pop-core,2
american hardcore,1
c64,9
flevo festival,3
slack key guitar,1
pukkelpop,3
teenybopper tunes,3
boston indie,6
true death metal,5
fi,2
ruhrpott,10
belgium wave,4
nettwerk,14
tin whistle,3
guitar wizard,6
movie music,1
us hip hop,2
spanish fusion,1
background,2
rock and metal,3
game soundtrack,6
violin virtuoso,6
manufactured pop,2
nerd punk,1
dutch techno,2
brazilian folk,4
pagan black metal,11
womad 2006,11
frequency2008,3
cuban folk,4
dynamic,2
mellow blues,1
alternative chanson,2
norwegian pop,4
metal fusion,2
british garage,4
mgp,4
slavonic,1
celtic connections 2009,5
urban ac,4
sharp,1
rough trade,5
japanese progressive rock,1
deep progressive,1
romo,1
maritime,9
eerie,3
tampere,7
mangue beat,4
progressive symphonic,1
zimbabwe,3
hard and heavy,3
thuggish,2
gaelic folk,5
york,5
2 tone ska,1
classic electro,3
kitsune,2
tasty,3
melodic idm,3
kspc,2
siesta records,2
